project,target,configuration,hash,code,status,start,end
ha-hub,serve,development,13307488279097006619,0,success,1722518990172,1722519115291
ha-hub,build,development,7365192447282950453,0,success,1722522945539,1722523005641
ha-hub,serve,development,2670727197927305516,1,failure,1722524191625,1722524191938
ha-hub,serve,development,2025040860827722419,1,failure,1722584200342,1722584208569
ha-hub,serve,development,2025040860827722419,1,failure,1722584223044,1722584224061
ha-hub,serve,development,14326694346052205970,1,failure,1722603250673,1722603253955
ha-hub,serve,development,10966032247040080343,1,failure,1722607883765,1722607884212
ha-hub,serve,development,10966032247040080343,1,failure,1722607999804,1722608000080
ha-hub,serve,development,10966032247040080343,1,failure,1722608016126,1722608016518
ha-hub,build,development,17184419959035003727,0,success,1722842448899,1722842505480
ha-hub,build,development,17184419959035003727,0,local-cache,1722842997181,1722842997663
